category_id,category_name
87156,indeed
18924,commercial
38250,care
64551,save
80868,artist
13964,author
84717,drop
33164,ability
21413,often
66987,push
47919,rest
40692,theory
30649,wide
74796,explain
76663,response
42398,way
52026,per
50207,example
98774,century
40929,truth
77868,clearly
45463,throw
44385,debate
29519,wait
32901,though
79059,section
33010,he
27495,sport
30104,political
60181,movie
73009,draw
77036,as
25420,probably
24931,ago
40681,south
62381,hold
49948,question
50546,me
20691,itself
56433,someone
33014,return
87256,size
37674,sport
74914,concern
49540,success
15251,four
88392,house
78215,entire
64208,key
29067,just
28982,own
73544,treatment
17603,factor
60557,according
93862,sense
66930,that
16918,bed
33351,happen
27262,task
12836,full
68163,bill
33291,lose
93088,mouth
78013,represent
17542,with
50055,national
79114,control
25567,might
76977,Republican
29501,action
72294,career
73525,head
79974,cut
72768,site
74882,add
53844,pretty
93691,treatment
78904,late
17871,guess
44198,difficult
58552,management
94132,recent
55010,energy
62518,public
94960,hotel
55054,administration
14429,raise
40924,sort
59794,second
29417,take
95489,by
53071,computer
79991,resource
83532,hair
52513,we
58232,perform
44405,available
66007,same
67779,weight
57574,agent
